Day,Date,Price,Open,High,Low,Change %,Vol.
1,16-08-2024,264.43,260.7,266.2,257.01,1.65%,42.93
2,14-08-2024,260.14,260.3,264.5,255.5,1.19%,41.74
3,13-08-2024,257.08,265,265.4,256,-2.41%,26.13
4,12-08-2024,263.43,263.5,266.49,261.35,-1.37%,33.51
5,09-08-2024,267.09,267.73,272.9,265.55,0.56%,52.6
6,08-08-2024,265.59,265,267.5,260,-0.03%,57.92
7,07-08-2024,265.67,261.53,267.6,251.81,6.66%,127.38
8,06-08-2024,249.08,265.9,275,247.2,-2.81%,143.46
9,05-08-2024,256.29,254,265.55,249,-2.31%,156.11
10,02-08-2024,262.34,244.5,278.7,243,12.07%,389.06
11,01-08-2024,234.09,231,238,228,2.02%,87.89
12,31-07-2024,229.45,227.61,230.14,226.05,1.02%,25.01
13,30-07-2024,227.13,226.95,231.2,225.11,0.11%,39.38
14,29-07-2024,226.89,226.62,229.46,224.1,1.01%,40.64
15,26-07-2024,224.62,219,226.62,216.85,2.42%,35.69
16,25-07-2024,219.31,221,223.97,216.95,-1.87%,26.12
17,24-07-2024,223.49,217.85,225.5,215.6,2.56%,32.36
18,23-07-2024,217.91,222.5,223.72,207,-1.69%,36.59
19,22-07-2024,221.66,214,222.19,214,1.27%,33.7
20,19-07-2024,218.89,217.99,220.49,213.67,-0.78%,39.26
21,18-07-2024,220.62,217.75,221.4,210.25,1.44%,58.54
22,16-07-2024,217.49,230,230.35,215.3,-5.09%,44.68
23,15-07-2024,229.15,225,232,225,3.00%,51.2
24,12-07-2024,222.47,219,223.25,217.05,2.45%,45.58
25,11-07-2024,217.14,211.47,218.95,211.37,2.73%,45.77
26,10-07-2024,211.37,213,213.39,205.74,-0.56%,29.85
27,09-07-2024,212.56,207.8,214,206.61,2.23%,39.31
28,08-07-2024,207.93,208.25,210,206,0.17%,18.26
29,05-07-2024,207.57,207,208.4,204.77,0.06%,29.68
30,04-07-2024,207.44,208.39,210.29,206.7,-0.48%,30
31,03-07-2024,208.44,209.45,213.95,205.33,-0.31%,61.48
32,02-07-2024,209.09,204,209.84,202.25,2.51%,65.7
33,01-07-2024,203.97,199.71,204.5,194.56,1.70%,53.54
34,28-06-2024,200.56,201.3,203.92,199.1,0.20%,37.29
35,27-06-2024,200.15,198.2,201.5,196,1.47%,32.54
36,26-06-2024,197.25,202.56,203.48,196,-2.48%,38.93
37,25-06-2024,202.27,201.75,204.7,200,1.68%,60.67
38,24-06-2024,198.92,193.9,199.8,191.95,2.56%,34.2
39,21-06-2024,193.95,197.9,199.95,193.05,-1.57%,37.84
40,20-06-2024,197.05,199.99,201.8,195,-0.73%,44.4
41,19-06-2024,198.49,190,201,189.56,5.24%,112.27
42,18-06-2024,188.61,187.5,189.1,184.8,1.27%,40.63
43,14-06-2024,186.24,185.7,186.6,184.05,0.70%,29.82
44,13-06-2024,184.94,183.8,185.8,180.15,2.94%,47.89
45,12-06-2024,179.65,184.39,184.88,179.33,-2.37%,42.83
46,11-06-2024,184.02,182.6,186,180.1,1.02%,41.8
47,10-06-2024,182.16,184,186.5,181.56,-1.00%,33.16
48,07-06-2024,184,182.5,187,180.7,0.19%,33.18
49,06-06-2024,183.65,185,185.8,182.5,-0.08%,20.89
50,05-06-2024,183.8,175,185.3,166.75,6.86%,57.21
51,04-06-2024,172,176.5,176.5,146.3,-1.97%,75.27
52,03-06-2024,175.45,184.5,185.5,175,-2.07%,53.44
53,31-05-2024,179.15,178.8,183.15,171.25,-0.80%,149.28
54,30-05-2024,180.6,183,185,179,-1.50%,33.68
55,29-05-2024,183.35,180.55,185.4,180,0.96%,30.89
56,28-05-2024,181.6,184.35,184.8,180.4,-1.12%,34.44
57,27-05-2024,183.65,183.9,185.45,178.4,0.41%,47.65
58,24-05-2024,182.9,188,188,179.1,-2.09%,37.06
59,23-05-2024,186.8,186.5,189.4,184.5,0.70%,20.93
60,22-05-2024,185.5,190,190,183.35,-1.90%,40.37
61,21-05-2024,189.1,194.4,196.5,188.75,-2.78%,33.45
62,18-05-2024,194.5,194.5,194.5,194.5,-0.18%,
63,17-05-2024,194.85,195.15,196,193.1,-0.18%,20.84
64,16-05-2024,195.2,192.9,195.85,189,1.67%,35.48
65,15-05-2024,192,188.8,193.4,183.15,2.51%,44.77
66,14-05-2024,187.3,191.7,193.45,182.1,-3.60%,110.07
67,13-05-2024,194.3,205.8,207.2,186.75,-3.48%,114.14
68,10-05-2024,201.3,196.35,205,189.9,3.10%,52.72
69,09-05-2024,195.25,195,199.7,193.1,-0.10%,47.27
70,08-05-2024,195.45,190.65,196,187.3,2.09%,47.94
71,07-05-2024,191.45,196.15,196.35,182.35,-2.17%,48.16
72,06-05-2024,195.7,199,202,194.5,-0.79%,26.39
73,03-05-2024,197.25,196.8,200.35,193.1,0.92%,37.88
74,02-05-2024,195.45,193.6,195.95,192.75,1.19%,27.39
75,30-04-2024,193.15,195,196.95,192.2,-0.23%,39.38
76,29-04-2024,193.6,189.4,194.3,186.45,2.92%,33.42
77,26-04-2024,188.1,189,190.45,186.35,1.84%,33.78
78,25-04-2024,184.7,184,188.9,182.5,0.16%,38.84
79,24-04-2024,184.4,189,189.1,183.15,-1.63%,32.62
80,23-04-2024,187.45,194.4,194.5,186.6,-3.05%,35.74
81,22-04-2024,193.35,193,197.7,190.8,2.19%,28.79
82,19-04-2024,189.2,182.3,191,181.4,2.16%,34.11
83,18-04-2024,185.2,188.5,189.25,183,-0.67%,35.35
84,16-04-2024,186.45,187,189.3,183.9,-0.98%,43.27
85,15-04-2024,188.3,188,192.4,184.5,-1.98%,48.46
86,12-04-2024,192.1,195.85,199.7,190.5,-2.44%,56.54
87,10-04-2024,196.9,195,199.6,194.05,1.65%,35.14
88,09-04-2024,193.7,192.55,195.5,188.75,0.99%,30.82
89,08-04-2024,191.8,191.6,194,190.55,0.68%,23.09
90,05-04-2024,190.5,188.25,191.8,187.25,1.87%,35.24
91,04-04-2024,187,180.5,188.15,180.25,4.88%,52.77
92,03-04-2024,178.3,181.95,182,177.85,-2.62%,24.27
93,02-04-2024,183.1,185,185,180.75,-0.76%,36.35
94,01-04-2024,184.5,183.9,188.2,182.75,1.32%,20.79
95,28-03-2024,182.1,179.8,184.7,176,1.48%,42.57
96,27-03-2024,179.45,183.6,189,177.2,-1.73%,50.53
97,26-03-2024,182.6,173.4,183.65,172.2,4.82%,64.59
98,22-03-2024,174.2,170.45,174.9,169.05,2.68%,41.78
99,21-03-2024,169.65,168,171,166.4,2.45%,42.23
100,20-03-2024,165.6,159.45,166.7,159,4.84%,45.54
101,19-03-2024,157.95,158.6,161.45,156.5,-0.19%,24.85
102,18-03-2024,158.25,162.5,164.45,157.25,-1.12%,35.38
103,15-03-2024,160.05,152.85,161.7,152.45,4.78%,95.09
104,14-03-2024,152.75,147.1,157.3,144.3,2.76%,45.71
105,13-03-2024,148.65,157.45,158.25,147.5,-5.26%,53.2
106,12-03-2024,156.9,156.6,157.9,152.15,1.32%,31.16
107,11-03-2024,154.85,161,163.2,149,-3.22%,51.52
108,07-03-2024,160,161.75,163.45,158.65,-0.96%,43.69
109,06-03-2024,161.55,164.4,164.4,157.5,-2.59%,95.62
110,05-03-2024,165.85,170.75,171.5,164.05,-2.33%,29.31
111,04-03-2024,169.8,168,175.6,168,1.28%,55.75
112,02-03-2024,167.65,167.55,168.3,165.3,0.69%,3.03
113,01-03-2024,166.5,168,173.5,165.6,0.63%,42.59
114,29-02-2024,165.45,156.45,168.85,155.45,3.83%,175.79
115,28-02-2024,159.35,161.9,161.95,155.35,-1.21%,41.88
116,27-02-2024,161.3,163.75,163.85,158,-1.77%,29.92
117,26-02-2024,164.2,165.2,168.5,163.15,0.09%,33.43
118,23-02-2024,164.05,162.4,164.8,160.8,1.20%,37.2
119,22-02-2024,162.1,159.55,163,156.6,2.17%,67.61
120,21-02-2024,158.65,162.3,167.8,157.6,-1.49%,91.14
121,20-02-2024,161.05,159.7,163.8,158.7,2.25%,85.36
122,19-02-2024,157.5,157.45,160.45,155.6,0.51%,60.22
123,16-02-2024,156.7,156.9,160,155.35,1.19%,61.21
124,15-02-2024,154.85,157,159.2,154,1.71%,77.37
125,14-02-2024,152.25,152.95,153.75,150.1,-1.62%,38.22
126,13-02-2024,154.75,154.35,157.9,149,0.62%,79.94
127,12-02-2024,153.8,151,158.8,149.5,2.91%,155.85
128,09-02-2024,149.45,146.9,151.4,142.25,3.71%,257.92
129,08-02-2024,144.1,142.5,147.5,139,2.64%,184.84
130,07-02-2024,140.4,141,142.9,139.65,0.32%,75.08
131,06-02-2024,139.95,140.4,141.8,138.05,-0.21%,46.78
132,05-02-2024,140.25,145,145.4,138.25,-2.47%,54.19
133,02-02-2024,143.8,141.8,145,141.45,2.31%,78.67
134,01-02-2024,140.55,141,143.5,138.55,0.72%,70.25
135,31-01-2024,139.55,140,142,138,1.71%,89.83
136,30-01-2024,137.2,135.85,138.8,134.65,1.22%,57.61
137,29-01-2024,135.55,136.9,137.7,132.35,-0.44%,55.87
138,25-01-2024,136.15,135.9,138.2,132.8,-0.04%,60.68
139,24-01-2024,136.2,131.45,136.9,129.8,4.69%,54.61
140,23-01-2024,130.1,136.3,137.3,127,-2.98%,72.52
141,20-01-2024,134.1,135.45,136.9,132,-0.70%,25.82
142,19-01-2024,135.05,130.5,135.5,128,4.33%,81.16
143,18-01-2024,129.45,128.05,129.8,121.6,1.61%,111.95
144,17-01-2024,127.4,132.4,132.4,126.75,-4.61%,76.78
145,16-01-2024,133.55,135,135.3,131,0.11%,47.04
146,15-01-2024,133.4,139.55,139.85,132.85,-4.41%,53.57
147,12-01-2024,139.55,140,141.5,136.8,0.87%,45.51
148,11-01-2024,138.35,135.3,139,135.05,2.75%,41.81
149,10-01-2024,134.65,134.25,136.15,132.25,0.26%,29.92
150,09-01-2024,134.3,133.2,135,132.6,1.09%,33.8
151,08-01-2024,132.85,133.65,133.65,130,-0.34%,38.91
152,05-01-2024,133.3,130.9,134.35,128.95,2.74%,55.61
153,04-01-2024,129.75,128.4,130.9,126.45,1.72%,45.29
154,03-01-2024,127.55,128.8,130.25,127.1,-0.89%,39.1
155,02-01-2024,128.7,127,129.45,125.5,3.37%,69.4
156,01-01-2024,124.5,124.45,125.6,122.85,0.65%,24.23
157,29-12-2023,123.7,124,125.55,123.25,0.41%,27.51
158,28-12-2023,123.2,124.9,125.5,120.6,-3.03%,72.87
159,27-12-2023,127.05,125.7,127.6,125.55,1.64%,21.76
160,26-12-2023,125,128.5,128.7,124.3,-2.72%,25.5
161,22-12-2023,128.5,130.55,131,125.3,0.90%,63.11
162,21-12-2023,127.35,122.15,128.7,120.2,2.08%,52.33
163,20-12-2023,124.75,130.35,131,123.15,-4.22%,49.01
164,19-12-2023,130.25,129,131.75,127.4,1.32%,64.12
165,18-12-2023,128.55,123.4,129.2,121.55,4.00%,89.55
166,15-12-2023,123.6,124.5,125,122.4,-0.44%,39.54
167,14-12-2023,124.15,121,124.95,120.5,3.46%,74.18
168,13-12-2023,120,116.9,120.5,116.15,2.78%,48.09
169,12-12-2023,116.75,119,119.3,114.15,-1.44%,40.8
170,11-12-2023,118.45,119.95,120.5,117.55,-1.25%,32.37
171,08-12-2023,119.95,123,123.9,119.3,-1.44%,44.21
172,07-12-2023,121.7,119.6,122.2,118.4,2.35%,52.48
173,06-12-2023,118.9,117.15,119.7,116.6,1.84%,48.17
174,05-12-2023,116.75,117.9,118.25,116.25,-0.55%,57.48
175,04-12-2023,117.4,118.75,119,116.25,0.95%,66.06
176,01-12-2023,116.3,118,118.35,115.1,-1.90%,57.26
177,30-11-2023,118.55,118.8,120.7,116.15,1.67%,225.21
178,29-11-2023,116.6,117,119.2,114,2.46%,115.27
179,28-11-2023,113.8,114.9,116.9,113.5,0.49%,61.96
180,24-11-2023,113.25,114.15,116,112.9,0.27%,49.98
181,23-11-2023,112.95,113.6,115.75,112.5,-2.04%,56.33
182,22-11-2023,115.3,116,117.8,114.35,-1.03%,52.8
183,21-11-2023,116.5,118.55,119,116.05,-1.40%,45.19
184,20-11-2023,118.15,122.85,123.4,117.35,-3.31%,52.78
185,17-11-2023,122.2,122,125,121.5,0.29%,43.88
186,16-11-2023,121.85,120.9,122.55,120.7,1.33%,36.9
187,15-11-2023,120.25,123.3,125.2,119.75,-1.60%,60.09
188,13-11-2023,122.2,122.65,123.1,121.5,-0.89%,28.35
189,12-11-2023,123.3,123.25,123.95,122.5,1.65%,10.52
190,10-11-2023,121.3,122,123.3,120.7,-0.45%,43.39
191,09-11-2023,121.85,125.25,125.55,121.35,-2.64%,50.31
192,08-11-2023,125.15,122,125.7,121.3,3.17%,75.04
193,07-11-2023,121.3,123.55,126.35,120.5,-1.62%,120.89
194,06-11-2023,123.3,119.6,123.9,118.25,5.84%,186.29
195,03-11-2023,116.5,108.8,119.9,108.7,8.32%,238.83
196,02-11-2023,107.55,105,108,104.9,3.71%,47.09
197,01-11-2023,103.7,105.6,107.15,103.25,-1.33%,47.91
198,31-10-2023,105.1,107.85,108.15,104.25,-2.41%,49.38
199,30-10-2023,107.7,106.2,108.6,105.7,1.94%,48.28
200,27-10-2023,105.65,107.35,109.25,105.05,-0.75%,43.74
201,26-10-2023,106.45,107.5,108,101.25,-1.66%,108.61
202,25-10-2023,108.25,105.65,109.5,105.55,-0.60%,59.69
203,23-10-2023,108.9,113.8,113.9,106.8,-3.93%,70.94
204,20-10-2023,113.35,114,114.5,112.15,1.52%,64.43
205,19-10-2023,111.65,112,113.15,110.65,-1.37%,43.52
206,18-10-2023,113.2,114.5,115.1,109.5,-0.57%,100.55
207,17-10-2023,113.85,112.5,114.2,111.5,2.11%,55.35
208,16-10-2023,111.5,111.9,112.75,110.85,0.45%,47.46
209,13-10-2023,111,109.85,111.8,109.1,1.05%,55.79
210,12-10-2023,109.85,110.2,113.25,109.5,0.78%,117.71
211,11-10-2023,109,106.8,109.8,106.55,2.78%,93.84
212,10-10-2023,106.05,104.9,107.95,104.65,2.07%,67.71
213,09-10-2023,103.9,103.8,105.25,101,-0.53%,53.81
214,06-10-2023,104.45,106.4,107.2,104,-0.90%,65.04
215,05-10-2023,105.4,102.6,107.7,102.35,4.62%,140.1
216,04-10-2023,100.75,104.4,104.4,100.35,-4.32%,68.73
217,03-10-2023,105.3,101,105.9,100,3.74%,82.98
218,29-09-2023,101.5,100.05,102.75,99.6,1.55%,49.52
219,28-09-2023,99.95,100.35,100.6,99.3,-0.15%,25.89
220,27-09-2023,100.1,99.9,101.2,98.5,0.20%,34.89
221,26-09-2023,99.9,98.6,100.4,97.9,1.47%,36.82
222,25-09-2023,98.45,100.3,100.5,97.75,-1.45%,34.41
223,22-09-2023,99.9,99.5,101.4,98.7,0.76%,39.49
224,21-09-2023,99.15,100,100.95,98.25,-0.85%,40.59
225,20-09-2023,100,101.3,104.9,99.3,-2.10%,104.12
226,18-09-2023,102.15,103.6,105,101.65,-0.78%,69.48
227,15-09-2023,102.95,100.5,104.45,100.35,3.52%,148.85
228,14-09-2023,99.45,98.65,100.1,98.2,1.58%,45.23
229,13-09-2023,97.9,98.75,100.75,97,-0.86%,71.66
230,12-09-2023,98.75,102.4,102.5,96.5,-2.57%,90.91
231,11-09-2023,101.35,100,102.55,99.2,1.76%,83.85
232,08-09-2023,99.6,100.75,101.1,99,-0.45%,63.48
233,07-09-2023,100.05,98.65,101.6,98.2,1.88%,111.22
234,06-09-2023,98.2,98.4,98.85,97.65,0.00%,28.33
235,05-09-2023,98.2,98.15,99.3,97.05,0.15%,51.13
236,04-09-2023,98.05,97.5,98.6,97.3,0.87%,37.45
237,01-09-2023,97.2,98.3,98.35,96.85,-0.41%,47.56
238,31-08-2023,97.6,100.05,100.8,96.7,-2.20%,113.06
239,30-08-2023,99.8,99.5,100.5,97.2,5.39%,250.11
240,29-08-2023,94.7,92.75,95,92.6,2.54%,86.71
241,28-08-2023,92.35,96,96.1,91.75,1.48%,141.12
242,25-08-2023,91,93.35,93.35,90.05,-2.99%,65.08
243,24-08-2023,93.8,95.75,95.75,93.2,-0.53%,47.6
244,23-08-2023,94.3,92.95,95,92.05,2.61%,64.77
245,22-08-2023,91.9,90.3,94.3,90.1,2.40%,104.41
246,21-08-2023,89.75,90.5,90.5,88.3,0.45%,36.76
247,18-08-2023,89.35,91,91.4,89,-1.97%,50.51
248,17-08-2023,91.15,92.3,93.25,90.5,-0.82%,45.66
249,16-08-2023,91.9,92.45,95.6,91.5,-0.92%,76.33
250,14-08-2023,92.75,93.4,93.4,91.35,-0.75%,46.67
251,11-08-2023,93.45,94.6,95.2,93.05,-0.85%,38.16
252,10-08-2023,94.25,94.1,96.15,93.25,0.16%,87.6
253,09-08-2023,94.1,93.9,94.85,91.6,0.70%,109.24
254,08-08-2023,93.45,98.35,100.3,92.7,-4.25%,160.24
255,07-08-2023,97.6,97.4,102.85,96.35,2.31%,249.33
256,04-08-2023,95.4,89,98.4,88.4,10.23%,405.75
257,03-08-2023,86.55,81.6,88.4,81.6,1.76%,123.48
258,02-08-2023,85.05,84.45,85.95,82.65,0.35%,54.84
259,01-08-2023,84.75,84.6,85.7,84.2,0.77%,34.95
260,31-07-2023,84.1,87,87.15,83.7,-3.11%,49.09
261,28-07-2023,86.8,85.6,87.25,83.85,2.18%,74.8
262,27-07-2023,84.95,83.35,86.1,82.8,1.92%,77.25
263,26-07-2023,83.35,83.1,84.6,82.5,0.85%,59.29
264,25-07-2023,82.65,81.3,83.2,79.3,1.66%,72.46
265,24-07-2023,81.3,80.8,82.45,80.55,1.25%,64.29
266,21-07-2023,80.3,77.85,80.7,77.4,3.48%,74.99
267,20-07-2023,77.6,78.05,79.1,77.3,-0.06%,40.5
268,19-07-2023,77.65,79,80.35,77.25,-1.33%,42.13
269,18-07-2023,78.7,80.65,80.65,76.5,-1.81%,71.22
270,17-07-2023,80.15,83.2,83.4,79.5,-2.91%,43.38
271,14-07-2023,82.55,84,85.25,81.65,0.43%,91.57
272,13-07-2023,82.2,77.85,84.5,77.65,6.06%,192.61
273,12-07-2023,77.5,77.5,78.8,77.15,0.91%,64.21
274,11-07-2023,76.8,75.05,77,74.9,2.67%,42.95
275,10-07-2023,74.8,73.45,75.55,73.4,2.12%,33.81
276,07-07-2023,73.25,74.8,74.9,73,-2.01%,26.6
277,06-07-2023,74.75,74.45,75.25,74.3,0.95%,24.47
278,05-07-2023,74.05,74.85,75.1,73.7,-1.00%,25.46
279,04-07-2023,74.8,75.8,76.2,74.5,-1.12%,24.15
280,03-07-2023,75.65,75.45,77.25,74.55,0.80%,49.24
281,30-06-2023,75.05,75,75.45,74,0.20%,49.25
282,28-06-2023,74.9,77,77,74.6,-1.64%,30.57
283,27-06-2023,76.15,75.15,76.95,74.85,1.74%,59.08
284,26-06-2023,74.85,74.15,75.25,73.8,0.94%,30.41
285,23-06-2023,74.15,73.9,75.3,72.55,-0.27%,51.78
286,22-06-2023,74.35,75.5,75.85,73.65,-1.00%,40.42
287,21-06-2023,75.1,76.1,77.35,74.65,-0.99%,31.9
288,20-06-2023,75.85,76,76.4,74.8,0.00%,30.59
289,19-06-2023,75.85,74.6,77,74.1,1.88%,62.74
290,16-06-2023,74.45,75.55,76,73.9,-0.87%,45.78
291,15-06-2023,75.1,74.5,76.1,73.1,1.35%,93.32
292,14-06-2023,74.1,78.3,78.45,73.25,-5.36%,83.19
293,13-06-2023,78.3,77.9,78.8,76.7,0.45%,81.86
294,12-06-2023,77.95,78.3,80.3,76.5,0.45%,105.39
295,09-06-2023,77.6,77.05,78,75.85,2.37%,77.28
296,08-06-2023,75.8,74.8,76.35,73.7,1.74%,88.01
297,07-06-2023,74.5,72.5,75,72.4,2.97%,67.87
298,06-06-2023,72.35,71.55,73.15,71.35,1.54%,64.76
299,05-06-2023,71.25,71.3,72.15,69.6,0.14%,84.08
300,02-06-2023,71.15,70,73.2,69.5,4.71%,170.77
301,01-06-2023,67.95,68.7,68.8,67.6,-1.59%,57.85
302,31-05-2023,69.05,67.3,70,66.3,3.29%,251.81
303,30-05-2023,66.85,67.5,68.3,66.45,-0.37%,60.7
304,29-05-2023,67.1,67.8,68.4,66.6,-0.22%,56.97
305,26-05-2023,67.25,67.3,68.25,65.75,-0.07%,86.47
306,25-05-2023,67.3,64.8,68.2,64.5,4.42%,139.72
307,24-05-2023,64.45,63,64.7,62.75,1.98%,60.48
308,23-05-2023,63.2,63.05,64,62.55,-0.47%,50.8
309,22-05-2023,63.5,64.7,66.85,61.8,-1.55%,147.01
310,19-05-2023,64.5,63.95,65,63.2,1.57%,73.62
311,18-05-2023,63.5,64.2,64.6,63.1,0.24%,54.3
312,17-05-2023,63.35,63,64.05,62.25,0.56%,47.44
313,16-05-2023,63,64,65,62.4,-1.10%,59.31
314,15-05-2023,63.7,62.1,64.1,61.95,1.76%,55.89
315,12-05-2023,62.6,62.5,63.65,61.6,0.32%,73.16
316,11-05-2023,62.4,62.6,63.5,62,0.97%,75.06
317,10-05-2023,61.8,61,62.9,60.95,1.39%,70.22
318,09-05-2023,60.95,64.7,64.7,60.3,-6.09%,127.85
319,08-05-2023,64.9,64.6,66.2,63.5,-0.76%,104.94
320,05-05-2023,65.4,65.5,66.7,64.25,-0.46%,94.02
321,04-05-2023,65.7,63.5,66.6,63.35,3.38%,123.04
322,03-05-2023,63.55,63.45,64.95,63.15,0.16%,65.08
323,02-05-2023,63.45,64.5,65.65,63.05,-2.23%,112.76
324,28-04-2023,64.9,60.8,66,59.55,6.92%,190.94
325,27-04-2023,60.7,58.6,61.15,58.35,4.30%,82.97
326,26-04-2023,58.2,58.1,59,57.1,0.78%,59.77
327,25-04-2023,57.75,56.4,60.6,56.2,3.13%,199.06
328,24-04-2023,56,55.5,56.4,54.7,-0.09%,43.29
329,21-04-2023,56.05,54.3,56.75,54.1,3.41%,106.71
330,20-04-2023,54.2,54.15,54.4,53.65,0.09%,23.1
331,19-04-2023,54.15,53.6,55.95,53.2,1.59%,62.02
332,18-04-2023,53.3,54.05,54.2,53.05,-1.20%,27.62
333,17-04-2023,53.95,54.2,54.25,53,0.19%,24.79
334,13-04-2023,53.85,53.2,54.15,52.85,1.22%,26.65
335,12-04-2023,53.2,54.25,54.25,52.9,-1.39%,30.85
336,11-04-2023,53.95,54.65,55.25,53.25,0.00%,41.1
337,10-04-2023,53.95,52.15,54.2,51.8,3.45%,60.66
338,06-04-2023,52.15,51.75,52.45,51.3,0.87%,19.7
339,05-04-2023,51.7,52.1,52.9,51.55,-0.48%,25.5
340,03-04-2023,51.95,51.5,52.15,50.9,1.86%,29.24
341,31-03-2023,51,51.25,51.7,50.65,-0.49%,56.57
342,29-03-2023,51.25,50.25,51.75,49.6,1.99%,41.46
343,28-03-2023,50.25,50.2,50.55,49,0.30%,50.43
344,27-03-2023,50.1,50.7,51.3,49.25,-1.09%,49.62
345,24-03-2023,50.65,52.5,52.85,50.15,-3.80%,67.24
346,23-03-2023,52.65,52.9,53.2,52.1,-0.85%,32.82
347,22-03-2023,53.1,53.4,53.9,52.7,0.19%,38.44
348,21-03-2023,53,53.85,54.15,52.65,-1.03%,31.63
349,20-03-2023,53.55,53.6,54.75,52.2,-2.46%,65.58
350,17-03-2023,54.9,53.45,55.75,53.05,3.49%,112.92
351,16-03-2023,53.05,50.9,53.7,49.85,4.53%,61.24
352,15-03-2023,50.75,51.5,52.2,50.55,0.00%,38.76
353,14-03-2023,50.75,52,52.5,50.2,-2.22%,52.25
354,13-03-2023,51.9,53.95,54.7,51.6,-3.62%,52.37
355,10-03-2023,53.85,53.8,54.5,53.3,-0.37%,39.23
356,09-03-2023,54.05,55.1,56.35,53.9,-1.37%,56.02
357,08-03-2023,54.8,53.45,55.3,52.65,1.58%,44.16
358,06-03-2023,53.95,54,54.95,53.7,0.56%,33.49
359,03-03-2023,53.65,54.9,55.4,53.2,-1.65%,36.94
360,02-03-2023,54.55,54.75,55.2,54.35,-0.73%,36.26
361,01-03-2023,54.95,53.5,55.35,53.35,2.71%,42.85
362,28-02-2023,53.5,53.7,54.4,53,-0.19%,45.41
363,27-02-2023,53.6,54.7,54.75,53.2,-1.56%,38.74
364,24-02-2023,54.45,55.5,56.75,54,-0.91%,73.44
365,23-02-2023,54.95,53,56,52.8,3.78%,118.06
366,22-02-2023,52.95,54.85,55.4,52.6,-4.34%,75.8
367,21-02-2023,55.35,54.6,56.15,54.4,1.37%,100.11
368,20-02-2023,54.6,51.9,55.05,51.75,5.41%,93.32
369,17-02-2023,51.8,51.25,52.2,50.7,0.78%,52.86
370,16-02-2023,51.4,50.8,51.8,50.45,2.29%,48.84
371,15-02-2023,50.25,50.55,50.9,49.8,-0.20%,49.66
372,14-02-2023,50.35,51.8,52.5,49.9,-2.80%,79.4
373,13-02-2023,51.8,53,53.7,51.25,-2.81%,86.16
374,10-02-2023,53.3,52.7,54.15,50.7,-2.02%,176.95
375,09-02-2023,54.4,54.7,56.8,53.4,0.18%,216.4
376,08-02-2023,54.3,51.2,55.3,51.1,10.03%,265.6
377,07-02-2023,49.35,48,51,47.6,3.35%,61.08
378,06-02-2023,47.75,48.7,49.1,47.55,-2.05%,35.96
379,03-02-2023,48.75,48.15,49.25,47.7,2.63%,42.5
380,02-02-2023,47.5,48.4,48.9,47.15,-1.35%,40.75
381,01-02-2023,48.15,50,51.05,47.05,-3.22%,68.75
382,31-01-2023,49.75,48,50.7,46.45,4.96%,95.4
383,30-01-2023,47.4,47.9,48.55,46.7,0.96%,54.38
384,27-01-2023,46.95,49,51.8,46.7,-1.68%,169.79
385,25-01-2023,47.75,52,52.05,44.35,-8.35%,237.76
386,24-01-2023,52.1,51,52.3,50.65,2.16%,47.72
387,23-01-2023,51,51.9,51.9,50.65,-0.87%,24.66
388,20-01-2023,51.45,51.4,52.25,50.55,0.68%,47.36
389,19-01-2023,51.1,50.3,51.9,50.05,0.20%,54.52
390,18-01-2023,51,50.4,51.45,48.85,1.69%,84.54
391,17-01-2023,50.15,53,53.1,50,-4.84%,77.12
392,16-01-2023,52.7,54,54.3,52.5,-1.03%,35.89
393,13-01-2023,53.25,54.1,54.5,53.05,-0.93%,38.74
394,12-01-2023,53.75,54.7,55,52.95,-1.10%,38.86
395,11-01-2023,54.35,55,56.15,54.1,-0.64%,32.63
396,10-01-2023,54.7,56,56.15,53.8,-2.32%,45.97
397,09-01-2023,56,56,57.25,55.75,1.36%,35.49
398,06-01-2023,55.25,56.2,56.4,54.95,-1.69%,30.27
399,05-01-2023,56.2,56.95,57.1,55.6,-0.27%,34.45
400,04-01-2023,56.35,58.4,58.7,56,-4.41%,48.98
401,03-01-2023,58.95,58.85,59.55,57.3,-2.24%,49.7
402,02-01-2023,60.3,60.65,60.7,59.8,1.69%,18.76
403,30-12-2022,59.3,61,61.45,59,-2.55%,33.25
404,29-12-2022,60.85,59.5,61.55,59,1.16%,24.97
405,28-12-2022,60.15,58.5,60.8,57.85,2.04%,70.5
406,27-12-2022,58.95,59.4,60.6,58.5,1.38%,54.21
407,26-12-2022,58.15,53.95,59.75,53.45,8.39%,83.57
408,23-12-2022,53.65,58.3,58.35,53.2,-8.99%,93.02
409,22-12-2022,58.95,61.8,62.05,58.55,-3.91%,53.94
410,21-12-2022,61.35,63.2,63.5,60.85,-2.39%,39.98
411,20-12-2022,62.85,62.1,63.2,61.9,1.13%,32.49
412,19-12-2022,62.15,62.4,62.8,62,0.00%,21.47
413,16-12-2022,62.15,63.75,64,61.85,-3.12%,48.22
414,15-12-2022,64.15,64.95,65.25,63.8,-1.31%,19.01
415,14-12-2022,65,64.85,65.45,64.6,0.62%,24.6
416,13-12-2022,64.6,64.8,65.2,64.35,0.31%,21.92
417,12-12-2022,64.4,64.15,64.75,63.6,0.39%,20.6
418,09-12-2022,64.15,64.2,64.85,63.9,0.55%,36.49
419,08-12-2022,63.8,64.8,64.8,63.65,-1.01%,35.34
420,07-12-2022,64.45,65.1,65.4,64.1,-0.54%,29.78
421,06-12-2022,64.8,64.75,65.45,64.45,-0.99%,40.04
422,05-12-2022,65.45,68.85,69,65,-4.52%,85.11
423,02-12-2022,68.55,66.75,68.9,66.5,2.85%,96.26
424,01-12-2022,66.65,66.5,67.15,65.4,2.15%,83.61
425,30-11-2022,65.25,63,66.8,61.9,2.68%,549.72
426,29-11-2022,63.55,64.4,64.9,63,-1.32%,32.23
427,28-11-2022,64.4,64.25,65.3,63.8,0.63%,53.45
428,25-11-2022,64,64,64.9,63.05,1.27%,74.24
429,24-11-2022,63.2,62.3,64.1,62.05,2.35%,90.68
430,23-11-2022,61.75,63.5,64.3,61.4,-3.44%,69.82
431,22-11-2022,63.95,64.9,64.9,63.3,-0.54%,50.72
432,21-11-2022,64.3,66.4,66.4,63.8,-4.24%,86
433,18-11-2022,67.15,68.15,69.35,66.9,-0.81%,62.86
434,17-11-2022,67.7,68.4,69.8,67.5,-1.46%,60.12
435,16-11-2022,68.7,69.95,70.5,67.7,-1.79%,75.43
436,15-11-2022,69.95,69.6,71.15,69.1,0.50%,68.4
437,14-11-2022,69.6,74.3,75.45,69.05,-4.40%,186.73
438,11-11-2022,72.8,66,73.55,65.5,13.84%,397.76
439,10-11-2022,63.95,65.5,65.95,63.15,-2.07%,44.33
440,09-11-2022,65.3,65.45,67.5,65,0.31%,87.42
441,07-11-2022,65.1,63.85,65.45,63.25,3.33%,56.82
442,04-11-2022,63,62.75,63.65,62.45,1.29%,35.3
443,03-11-2022,62.2,62.8,62.8,62,-1.27%,31.73
444,02-11-2022,63,63.75,64.7,62.7,-0.79%,52.92
445,01-11-2022,63.5,63.5,63.75,62.7,0.63%,50.43
446,31-10-2022,63.1,63.6,63.85,62.1,0.80%,45.95
447,28-10-2022,62.6,65.25,65.7,62.3,-3.84%,56.79
448,27-10-2022,65.1,64.1,65.65,63.5,0.77%,64.85
449,25-10-2022,64.6,62.7,64.9,62.4,3.61%,81.04
450,24-10-2022,62.35,62.9,62.95,62.05,0.89%,7.78
451,21-10-2022,61.8,61.8,63.2,61.3,0.82%,65.83
452,20-10-2022,61.3,61.7,62,60.85,-1.21%,57.51
453,19-10-2022,62.05,63.4,63.7,61.5,-1.51%,52.64
454,18-10-2022,63,63.65,64.4,62.75,0.56%,49.43
455,17-10-2022,62.65,61.9,63.25,61.15,1.21%,56.01
456,14-10-2022,61.9,63,64.15,61.6,1.06%,85.14
457,13-10-2022,61.25,64.1,64.65,61,-3.92%,73.75
458,12-10-2022,63.75,65.65,66.45,63.05,-2.75%,67.8
459,11-10-2022,65.55,68.4,69.2,65,-4.59%,70.17
460,10-10-2022,68.7,68.4,69.7,67.5,-1.22%,87.16
461,07-10-2022,69.55,65.15,70.2,64.6,6.10%,170.88
462,06-10-2022,65.55,64.4,66.15,64.25,2.34%,59.87
463,04-10-2022,64.05,63.1,64.45,63,3.47%,47.08
464,03-10-2022,61.9,62,63.1,61.2,-0.72%,44.53
465,30-09-2022,62.35,61.5,62.85,59.75,1.88%,71.49
466,29-09-2022,61.2,59.2,62,58.9,5.43%,76.97
467,28-09-2022,58.05,57.8,59.25,57.5,-1.36%,64.33
468,27-09-2022,58.85,58.15,59.75,56.95,1.82%,79.64
469,26-09-2022,57.8,60,60.65,57.4,-4.93%,65.83
470,23-09-2022,60.8,63,63.35,60.4,-3.95%,56.73
471,22-09-2022,63.3,62.9,63.75,62.6,-0.24%,34.72
472,21-09-2022,63.45,63.3,63.95,62.4,0.95%,59.13
473,20-09-2022,62.85,64.9,65.7,62.4,-1.72%,77.9
474,19-09-2022,63.95,64.2,65.45,63.45,1.19%,70.45
475,16-09-2022,63.2,64.4,65,61.1,-2.17%,196.54
476,15-09-2022,64.6,64,64.9,63.3,2.05%,88.19
477,14-09-2022,63.3,64.05,65.15,62.75,-3.28%,119.82
478,13-09-2022,65.45,63,66.6,62.8,4.64%,199.03
479,12-09-2022,62.55,63,63.2,62.25,-0.40%,64.04
480,09-09-2022,62.8,62,63.65,62,2.36%,139.37
481,08-09-2022,61.35,60.35,62.5,59.8,3.11%,128.43
482,07-09-2022,59.5,59.65,60.4,59.2,-0.34%,59.84
483,06-09-2022,59.7,60.3,60.8,59.4,0.08%,70.19
484,05-09-2022,59.65,60.45,60.8,59.3,-0.17%,84.54
485,02-09-2022,59.75,63.4,63.4,59.4,-4.32%,137.95
486,01-09-2022,62.45,58.7,63.15,58.25,7.77%,192.48
487,30-08-2022,57.95,60.2,61.25,57.3,-2.11%,162.05
488,29-08-2022,59.2,59.7,60.55,58.35,-4.28%,98.49
489,26-08-2022,61.85,62.4,62.7,60.55,-0.40%,87.94
490,25-08-2022,62.1,62.8,63.2,61.65,-0.16%,81.14
491,24-08-2022,62.2,64.1,64.2,61.7,-3.49%,116.4
492,23-08-2022,64.45,62.3,65.25,62.15,3.95%,218.59
493,22-08-2022,62,61,62.85,59.25,0.90%,226.77
494,19-08-2022,61.45,67.4,68.25,60.15,-8.42%,295.74
495,18-08-2022,67.1,65.6,69.25,65,2.84%,303.57
496,17-08-2022,65.25,64.8,65.6,61.8,1.56%,258.07
497,16-08-2022,64.25,62.65,67.45,62.5,4.05%,250.69
498,12-08-2022,61.75,58.1,63.1,57.9,6.65%,351.21
499,11-08-2022,57.9,56.9,58.15,56.35,3.49%,130.94
500,10-08-2022,55.95,56.2,56.55,54.5,0.90%,200.7
501,08-08-2022,55.45,54.7,56.2,54.2,1.56%,178.19
502,05-08-2022,54.6,57.9,59.15,53.25,-5.62%,315.02
503,04-08-2022,57.85,55.75,58.65,54.5,4.33%,420.18
504,03-08-2022,55.45,52.5,56.9,51.75,-0.18%,599.69
505,02-08-2022,55.55,50,55.55,48.4,19.98%,528.9
506,01-08-2022,46.3,46.8,47.25,45.05,-1.07%,135.94
507,29-07-2022,46.8,45.6,47.2,44.55,2.41%,177.19
508,28-07-2022,45.7,44.9,46.3,43.05,3.98%,267.54
509,27-07-2022,43.95,40.85,44.4,40.6,5.52%,411.21
510,26-07-2022,41.65,46.6,46.65,41.2,-12.50%,412.3
511,25-07-2022,47.6,52.5,52.5,46,-11.28%,232.84
512,22-07-2022,53.65,53.75,54,52.9,0.28%,27.3
513,21-07-2022,53.5,53.35,54.45,52.7,0.19%,29.4
514,20-07-2022,53.4,54.5,54.5,53.2,-1.02%,37.68
515,19-07-2022,53.95,53.65,54.4,53.3,0.65%,35.43
516,18-07-2022,53.6,54.7,55.1,52.85,-0.56%,47.69
517,15-07-2022,53.9,56.2,56.2,53.35,-3.14%,48
518,14-07-2022,55.65,58.4,59,55.3,-4.63%,43.02
519,13-07-2022,58.35,59,61.5,58,-1.10%,73.38
520,12-07-2022,59,55.9,59.65,55.5,5.17%,57.99
521,11-07-2022,56.1,54.7,56.5,54.2,2.37%,21.74
522,08-07-2022,54.8,55,55.3,54.3,0.64%,21.41
523,07-07-2022,54.45,54.65,55.15,53.75,0.18%,35.76
524,06-07-2022,54.35,55.8,55.8,53.9,-1.98%,32.4
525,05-07-2022,55.45,55.4,55.9,54.35,2.12%,51.28
526,04-07-2022,54.3,54.5,55.8,53.3,-3.29%,56.9
527,01-07-2022,56.15,54.15,56.7,52.55,4.27%,112.08
528,30-06-2022,53.85,57.8,59,53.35,-6.02%,106.89
529,29-06-2022,57.3,58.75,61.45,56.85,-4.98%,96.96
530,28-06-2022,60.3,65.7,65.7,59.65,-8.43%,120.96
531,27-06-2022,65.85,72.65,72.7,65,-6.60%,110.75
532,24-06-2022,70.5,71,71.85,69.55,1.37%,23.95
533,23-06-2022,69.55,67.05,70,66.5,2.88%,33.79
534,22-06-2022,67.6,65.95,68.6,65,2.35%,35.03
535,21-06-2022,66.05,65.5,67.25,65.35,1.62%,22.91
536,20-06-2022,65,68,68,64.05,-3.06%,27.41
537,17-06-2022,67.05,65.65,69.4,65.3,-0.22%,33.6
538,16-06-2022,67.2,72,72,66.1,-4.27%,41.88
539,15-06-2022,70.2,70.65,71.9,68.95,0.29%,33.25
540,14-06-2022,70,64.2,70.75,64,3.70%,66.68
541,13-06-2022,67.5,67.5,68.3,65.4,-2.17%,34.86
542,10-06-2022,69,67.3,69.7,66.5,0.44%,42.04
543,09-06-2022,68.7,66.2,69.7,65,2.31%,47.65
544,08-06-2022,67.15,66,68.6,64.1,2.68%,46.7
545,07-06-2022,65.4,69.7,69.7,64.75,-6.44%,41.76
546,06-06-2022,69.9,70,71.2,69.2,-3.12%,30.08
547,03-06-2022,72.15,73.9,74.85,71.2,0.28%,35.78
548,02-06-2022,71.95,74.4,74.4,71.4,-3.68%,47.87
549,01-06-2022,74.7,75.4,79.8,73.1,0.07%,127.95
550,31-05-2022,74.65,68.5,77.7,67.4,5.07%,184.33
551,30-05-2022,71.05,63.25,72.1,62.6,14.50%,124.1
552,27-05-2022,62.05,63,63,61.5,2.65%,32.06
553,26-05-2022,60.45,61,62.5,59.6,-2.97%,46.56
554,25-05-2022,62.3,65.7,66.9,60.65,-4.08%,104.45
555,24-05-2022,64.95,57.95,67.6,57.9,13.85%,193.58
556,23-05-2022,57.05,58.7,60.5,56.6,-1.72%,36.83
557,20-05-2022,58.05,56.5,58.75,56.4,4.88%,32.41
558,19-05-2022,55.35,56.5,56.85,54.8,-5.79%,31.97
559,18-05-2022,58.75,56.1,59.6,55.85,4.63%,57.73
560,17-05-2022,56.15,56.1,56.7,55.15,-0.44%,21.46
561,16-05-2022,56.4,56.85,57.7,54.75,-0.79%,37.04
562,13-05-2022,56.85,53.3,59.2,52.25,9.43%,79.29
563,12-05-2022,51.95,53.8,53.9,51.05,-4.15%,37.34
564,11-05-2022,54.2,52,56.45,50.3,3.34%,99.81
565,10-05-2022,52.45,55.75,56.75,50.05,-7.58%,45.14
566,09-05-2022,56.75,59.6,60.4,55.65,-6.20%,38.28
567,06-05-2022,60.5,59.3,62.3,57.65,-1.06%,47.19
568,05-05-2022,61.15,65.75,66.65,60.5,-5.12%,40.3
569,04-05-2022,64.45,69.75,70,63.9,-7.27%,43.05
570,02-05-2022,69.5,71.75,71.9,68.75,-3.14%,18.46
571,29-04-2022,71.75,74.7,74.85,71.1,-2.84%,24.87
572,28-04-2022,73.85,77.35,77.6,73.5,-2.64%,21.34
573,27-04-2022,75.85,79.4,79.6,75.5,-4.71%,23.63
574,26-04-2022,79.6,80.6,80.9,78.6,1.08%,9.55
575,25-04-2022,78.75,80.5,81.6,78.6,-3.02%,16.72
576,22-04-2022,81.2,80.7,81.8,80.2,0.50%,7.21
577,21-04-2022,80.8,81.1,81.85,80.65,0.62%,6.78
578,20-04-2022,80.3,81.6,82.3,80,-0.19%,12.8
579,19-04-2022,80.45,83.1,83.9,79.45,-2.96%,13.44
580,18-04-2022,82.9,83.7,84.4,82.55,-1.19%,14.21
581,13-04-2022,83.9,82.5,88.3,82.15,2.94%,52.99
582,12-04-2022,81.5,84.3,84.3,81,-3.49%,12.91
583,11-04-2022,84.45,83.15,85.85,83,1.26%,17.61
584,08-04-2022,83.4,83.5,85.5,82.75,1.09%,14.85
585,07-04-2022,82.5,84.8,85.25,82.25,-2.42%,9.71
586,06-04-2022,84.55,83.75,85.3,83.15,0.77%,10.7
587,05-04-2022,83.9,83,85.15,82.35,-2.72%,28.43
588,04-04-2022,86.25,84.4,87.7,84.4,2.31%,18.04
589,01-04-2022,84.3,82.1,85.6,82.05,2.43%,15.59
590,31-03-2022,82.3,88.7,88.7,81.75,-3.23%,34.67
591,30-03-2022,85.05,79,86,78.5,8.76%,41.31
592,29-03-2022,78.2,80.05,80.5,78.05,-1.82%,13.47
593,28-03-2022,79.65,80.6,81,79.15,-1.18%,10.04
594,25-03-2022,80.6,81,81.85,80.25,0.31%,13.59
595,24-03-2022,80.35,80.7,82.35,80.05,-0.50%,13
596,23-03-2022,80.75,82,82,80.2,-0.49%,12.52
597,22-03-2022,81.15,80.95,81.9,79.3,0.93%,23.8
598,21-03-2022,80.4,82,83.3,79.25,-0.56%,28.67
599,17-03-2022,80.85,77.2,82,76.8,6.45%,34.44
600,16-03-2022,75.95,80,80,75.5,-0.78%,42.38
601,15-03-2022,76.55,79.3,79.6,76,-3.47%,18.9
602,14-03-2022,79.3,80.7,80.7,79,-0.75%,7.26
603,11-03-2022,79.9,82.4,82.4,79.5,-2.80%,18.97
604,10-03-2022,82.2,82.55,83.95,81.7,2.30%,13.48
605,09-03-2022,80.35,79.45,80.65,78.9,2.82%,11.89
606,08-03-2022,78.15,79.25,80.6,77.6,-1.08%,12.38
607,07-03-2022,79,79,79.65,78,-1.50%,9.77
608,04-03-2022,80.2,80.5,82.9,79.5,-2.43%,15.15
609,03-03-2022,82.2,81.5,83.2,81.2,2.94%,16.07
610,02-03-2022,79.85,80,82,79,-0.13%,20.35
611,28-02-2022,79.95,79,80.95,76.55,1.46%,41.98
612,25-02-2022,78.8,82,83.4,78.15,0.38%,22.88
613,24-02-2022,78.5,78.65,81.5,78.1,-6.71%,22.04
614,23-02-2022,84.15,82,85.15,81.2,5.58%,19.85
615,22-02-2022,79.7,78,80.55,77,-2.27%,28.82
616,21-02-2022,81.55,84.2,84.8,80.65,-5.06%,18.85
617,18-02-2022,85.9,88.1,88.4,85.2,-3.65%,15.04
618,17-02-2022,89.15,86.5,90.1,85.9,4.94%,29.57
619,16-02-2022,84.95,85,87,84.25,2.72%,33.11
620,15-02-2022,82.7,83.5,84.65,75.75,0.30%,106.22
621,14-02-2022,82.45,87,87,80.55,-7.05%,35.05
622,11-02-2022,88.7,92.75,92.75,86.5,-6.09%,39.98
623,10-02-2022,94.45,94.9,95.4,93,0.27%,13.26
624,09-02-2022,94.2,94.5,95.45,93.6,0.69%,7.88
625,08-02-2022,93.55,94.35,94.65,91.25,0.00%,9.03
626,07-02-2022,93.55,95.1,95.5,93.35,-0.69%,10.9
627,04-02-2022,94.2,97.2,97.85,93.6,-2.99%,15.35
628,03-02-2022,97.1,98.5,98.5,96.1,-1.82%,9.77
629,02-02-2022,98.9,95.75,99.75,94.8,4.60%,18.67
630,01-02-2022,94.55,91.75,95.8,91.05,4.59%,32.61
631,31-01-2022,90.4,91.35,92.5,89.65,0.95%,20.2
632,28-01-2022,89.55,93.6,96.45,88.8,-1.05%,61.45
633,27-01-2022,90.5,98,98,90.45,-9.91%,106.49
634,25-01-2022,100.45,90.95,100.45,84.15,9.96%,138.34
635,24-01-2022,91.35,114,114.2,90.95,-19.62%,167.04
636,21-01-2022,113.65,125.15,125.15,112.55,-9.23%,59.81
637,20-01-2022,125.2,127.95,130.7,125,-3.10%,23.29
638,19-01-2022,129.2,131.7,132.4,128.25,-2.89%,27.81
639,18-01-2022,133.05,134.5,134.6,132.8,-0.71%,9.43
640,17-01-2022,134,133.6,134.5,133,0.30%,7.52
641,14-01-2022,133.6,133.1,134.45,132.05,0.38%,9.44
642,13-01-2022,133.1,132.5,133.45,132.35,0.64%,6.54
643,12-01-2022,132.25,132.1,132.9,131.6,0.72%,8
644,11-01-2022,131.3,131,132.5,130,0.84%,15.4
645,10-01-2022,130.2,130.5,130.9,129.4,0.74%,11.39
646,07-01-2022,129.25,130,131.45,129,-0.58%,22.85
647,06-01-2022,130,133,133.15,129.6,-2.95%,23.78
648,05-01-2022,133.95,137.9,137.9,133.3,-3.18%,15.88
649,04-01-2022,138.35,141.35,141.55,137.6,-2.12%,10.71
650,03-01-2022,141.35,139.7,142.45,138.3,2.87%,22.52
651,31-12-2021,137.4,133.85,138.4,133.4,2.58%,11.45
652,30-12-2021,133.95,137.05,137.05,133.3,-2.30%,8.37
653,29-12-2021,137.1,132.7,137.7,131.55,3.20%,18.91
654,28-12-2021,132.85,133.7,134,131.65,0.08%,11.17
655,27-12-2021,132.75,131.35,133.85,128,0.99%,13.93
656,24-12-2021,131.45,134.5,134.5,129.6,-1.17%,17.63
657,23-12-2021,133,140.05,140.75,132.1,-4.08%,21.94
658,22-12-2021,138.65,133.05,139.75,133,5.36%,19.43
659,21-12-2021,131.6,128.85,132.85,128.6,3.99%,20.44
660,20-12-2021,126.55,135.3,135.75,124.6,-6.50%,36.06
661,17-12-2021,135.35,138.95,141,132.35,-2.20%,95.39
662,16-12-2021,138.4,141.9,142.85,137.4,-1.56%,17.18
663,15-12-2021,140.6,140.5,142,140,-0.04%,12.79
664,14-12-2021,140.65,144.7,144.95,140,-1.40%,19.47
665,13-12-2021,142.65,142.2,144.45,141.9,1.49%,20.32
666,10-12-2021,140.55,144.1,146.4,139.75,-3.90%,27.88
667,09-12-2021,146.25,148.65,148.65,145.3,-0.91%,18.38
668,08-12-2021,147.6,141,148.6,140.25,5.58%,37.32
669,07-12-2021,139.8,141.35,143.8,138.65,0.90%,36.84
670,06-12-2021,138.55,146.6,146.85,135.3,-4.38%,33.25
671,03-12-2021,144.9,152.1,152.8,143.85,-3.82%,26.45
672,02-12-2021,150.65,151.6,153.8,147.8,-0.50%,23.51
673,01-12-2021,151.4,153,157.9,149.45,-0.75%,32.61
674,30-11-2021,152.55,149.95,158,145.3,2.31%,258.13
675,29-11-2021,149.1,148.8,153.9,137.5,0.64%,43.97
676,26-11-2021,148.15,158.45,158.45,146.25,-7.26%,35.97
677,25-11-2021,159.75,157,161.3,154.05,2.73%,48.9
678,24-11-2021,155.5,151.1,156.4,149.6,4.57%,53.75
679,23-11-2021,148.7,150,152,144.25,-0.70%,38.24
680,22-11-2021,149.75,158.25,158.25,136.8,-3.20%,79.42
681,18-11-2021,154.7,158.9,161.85,152.5,-1.18%,46.8
682,17-11-2021,156.55,155.95,162.25,154.25,-0.67%,44.51
683,16-11-2021,157.6,161.15,169,153.8,-1.68%,109.34
684,15-11-2021,160.3,149,163.3,142.35,4.77%,121.2
685,12-11-2021,153,142,155.2,142,8.59%,140.55
686,11-11-2021,140.9,142,144,132.6,3.56%,83.58
687,10-11-2021,136.05,136.5,139.15,135,-1.16%,16.82
688,09-11-2021,137.65,133,138.9,131.65,4.96%,26.46
689,08-11-2021,131.15,132.95,133.6,130.6,-0.15%,17.65
690,04-11-2021,131.35,130,132.4,130,2.34%,4.1
691,03-11-2021,128.35,132.9,132.9,127.5,-3.10%,15.92
692,02-11-2021,132.45,132.7,133.6,131.75,-0.15%,7.37
693,01-11-2021,132.65,133.6,134.3,132,0.84%,6.2
694,29-10-2021,131.55,135,135,130.5,-2.99%,12.93
695,28-10-2021,135.6,135.35,136.5,131.5,0.59%,11.94
696,27-10-2021,134.8,136.2,139.25,134.5,-0.48%,8.98
697,26-10-2021,135.45,133,137.35,133,2.07%,6.45
698,25-10-2021,132.7,138,138.95,131.55,-3.67%,13.53
699,22-10-2021,137.75,138.95,142,135.8,-0.29%,11.47
700,21-10-2021,138.15,139.75,139.9,135.8,0.18%,5.95
701,20-10-2021,137.9,138.5,140.4,133.85,-0.47%,12.61
702,19-10-2021,138.55,144.9,145.1,137.25,-3.82%,14.69
703,18-10-2021,144.05,136,146.15,135.9,6.70%,31.45
704,14-10-2021,135,135.9,137.3,133.7,-0.33%,8.69
705,13-10-2021,135.45,137.25,137.4,134.35,-0.84%,6.35
706,12-10-2021,136.6,137.3,137.75,135.5,-0.18%,5.6
707,11-10-2021,136.85,137.5,137.5,136.15,0.51%,4.4
708,08-10-2021,136.15,138,138,135.7,-0.69%,6.21
709,07-10-2021,137.1,136.75,138.45,136.05,1.59%,7.32
710,06-10-2021,134.95,138.75,139.2,133.7,-2.17%,9.99
711,05-10-2021,137.95,138.75,138.8,137.15,-0.83%,10.91
712,04-10-2021,139.1,139.1,140,138,0.80%,12
713,01-10-2021,138,137.3,140.5,137,1.02%,11.94
714,30-09-2021,136.6,139.2,139.2,136.15,-1.37%,7.83
715,29-09-2021,138.5,138,139.5,136.5,-0.36%,10.8
716,28-09-2021,139,143.9,143.9,137.65,-3.27%,13.49
717,27-09-2021,143.7,139.85,144.75,138,5.16%,26.04
718,24-09-2021,136.65,137.55,139.5,136.05,-0.47%,13.1
719,23-09-2021,137.3,134.5,140.4,133.05,3.94%,31.78
720,22-09-2021,132.1,135.4,135.4,131.3,-1.01%,16.92
721,21-09-2021,133.45,137.2,138,131,-0.63%,19.33
722,20-09-2021,134.3,137.7,140.85,133.25,-2.61%,19.8
723,17-09-2021,137.9,142.55,146.9,137.15,-2.92%,23.26
724,16-09-2021,142.05,143,144,141.5,-0.42%,17.63
725,15-09-2021,142.65,142.95,145,140.75,-1.01%,38.89
726,14-09-2021,144.1,145.15,152.75,136.2,0.66%,112.36
727,13-09-2021,143.15,143.25,144.25,142,1.09%,17.43
728,09-09-2021,141.6,141.4,142.9,140,0.25%,18.97
729,08-09-2021,141.25,141,143.6,139.05,0.86%,28.13
730,07-09-2021,140.05,144.9,146.85,138.55,-2.78%,30.42
731,06-09-2021,144.05,149.25,149.35,143.25,-3.81%,34.81
732,03-09-2021,149.75,135.95,151.4,135.6,8.83%,113.38
733,02-09-2021,137.6,132,138.5,131.5,3.77%,27.88
734,01-09-2021,132.6,134.55,135.1,130.7,-1.45%,16.16
735,31-08-2021,134.55,134,135.2,131.35,0.75%,24.64
736,30-08-2021,133.55,127.85,135.45,127.55,7.10%,45.24
737,27-08-2021,124.7,126.6,129.5,124.1,-0.91%,22.23
738,26-08-2021,125.85,125.25,127.15,124.35,1.29%,20.65
739,25-08-2021,124.25,126,128.5,123.1,-0.60%,51.08
740,24-08-2021,125,127.25,127.95,120.5,-1.77%,56.71
741,23-08-2021,127.25,137.8,137.8,124.75,-8.65%,68.47
742,20-08-2021,139.3,134.95,141.45,133,3.22%,53.79
743,18-08-2021,134.95,134.5,136.8,133.3,1.85%,22.57
744,17-08-2021,132.5,132.8,134.35,130.6,-1.82%,15.82
745,16-08-2021,134.95,136.4,136.9,132.25,-1.75%,20.31
746,13-08-2021,137.35,133.85,139.75,132.1,1.40%,33.67
747,12-08-2021,135.45,135.65,137.4,132.05,-0.15%,51.26
748,11-08-2021,135.65,123,138.75,123,8.35%,111.7
749,10-08-2021,125.2,131,131.45,122.1,-4.13%,43.16
750,09-08-2021,130.6,132.4,133.55,127.25,-0.57%,41.36
751,06-08-2021,131.35,135.5,136.2,130.1,-2.67%,31.98
752,05-08-2021,134.95,138.75,138.9,132,-2.49%,38.44
753,04-08-2021,138.4,139.8,141,135.25,-0.72%,41.13
754,03-08-2021,139.4,137,140.8,137,-0.21%,46.61
755,02-08-2021,139.7,135.75,140.75,135.15,4.64%,66.91
756,30-07-2021,133.5,142.6,142.7,131,-5.69%,88.31
757,29-07-2021,141.55,134.95,144,132.2,7.89%,117.97
758,28-07-2021,131.2,131,135,123.55,-1.28%,159.79
759,27-07-2021,132.9,141.7,147.8,127.75,-5.51%,240.34
760,26-07-2021,140.65,126.35,143.75,125.3,11.63%,249.72
